Date,Portfolio Return
2020-01-03,-0.009826698774712745
2020-01-06,0.011226421264394125
2020-01-07,-0.0037187875521770696
2020-01-08,0.008322512613915246
2020-01-09,0.01208035595539363
2020-01-10,-0.0014864984575197046
2020-01-13,0.01136441210186729
2020-01-14,-0.008958884033281694
2020-01-15,0.0011706117081044193
2020-01-16,0.011699883584235465
2020-01-17,0.0070543315143544415
2020-01-21,0.0004782363784170975
2020-01-22,-0.0005632153044419987
2020-01-23,0.002654975775062034
2020-01-24,-0.009106733429301527
2020-01-27,-0.02165745008054946
2020-01-28,0.01817954469290437
2020-01-29,0.010329503959371633
2020-01-30,0.007939466967565346
2020-01-31,-0.0056232543980202195
2020-02-03,0.012459872315382998
2020-02-04,0.017135193642618247
2020-02-05,0.0020028790462517723
2020-02-06,0.013482858296759536
2020-02-07,-0.0003632403218522384
2020-02-10,0.017526661256288146
2020-02-11,-0.005286050980399307
2020-02-12,0.00886098414315916
2020-02-13,-0.004882007962511538
2020-02-14,0.0017476267128343722
2020-02-18,-0.0003224080471392647
2020-02-19,0.006879214181586327
2020-02-20,-0.009457108524410717
2020-02-21,-0.024638408194797484
2020-02-24,-0.04376807671318269
2020-02-25,-0.024304379994832214
2020-02-26,0.007961579971695278
2020-02-27,-0.060797106366662974
2020-02-28,0.009017581601760371
2020-03-02,0.05682521226078407
2020-03-03,-0.03504313989524895
2020-03-04,0.03780486589801209
2020-03-05,-0.033209174107190986
2020-03-06,-0.017491173343866195
2020-03-09,-0.0698726133031251
2020-03-10,0.05838833697536491
2020-03-11,-0.04341400027842878
2020-03-12,-0.09459033357534992
2020-03-13,0.09993078599487004
2020-03-16,-0.12165451847641902
2020-03-17,0.05760551587495865
2020-03-18,-0.024572736097510765
2020-03-19,0.011578218911525266
2020-03-20,-0.04208815859207454
2020-03-23,-0.007063850442834369
2020-03-24,0.0721059677377065
2020-03-25,-0.013061895583673528
2020-03-26,0.05174826756645951
2020-03-27,-0.03909143261618202
2020-03-30,0.04022571205131116
2020-03-31,-0.004719578299337246
2020-04-01,-0.04209029645055267
2020-04-02,0.015397421367791061
2020-04-03,-0.01307230175609057
2020-04-06,0.0705813014804193
2020-04-07,-0.004226400057433546
2020-04-08,0.019304121899074832
2020-04-09,0.0032282567360227246
2020-04-13,0.01711800059055506
2020-04-14,0.04644242504933411
2020-04-15,-0.006208482219338628
2020-04-16,0.01840197621663323
2020-04-17,0.002069582387642137
2020-04-20,-0.013276065484486692
2020-04-21,-0.034964384386475866
2020-04-22,0.028149171360037268
2020-04-23,0.0010157703338123615
2020-04-24,0.014771220506848837
2020-04-27,-0.0028701068791310578
2020-04-28,-0.022108578670616715
2020-04-29,0.043677096792368086
2020-04-30,0.01581238405901459
2020-05-01,-0.033513330481567453
2020-05-04,0.013277932815636282
2020-05-05,0.011380254919884628
2020-05-06,0.006669431311636742
2020-05-07,0.010120175754706102
2020-05-08,0.012186852186747131
2020-05-11,0.011913841733434112
2020-05-12,-0.019073240646302926
2020-05-13,-0.01164568482686889
2020-05-14,0.006824501705312557
2020-05-15,0.006710525269750445
2020-05-18,0.01432050796767045
2020-05-19,-0.003887672312600305
2020-05-20,0.018869459085693208
2020-05-21,-0.010069021872575237
2020-05-22,0.002016225192526688
2020-05-26,-0.0032208963695651454
2020-05-27,0.0017911832134627859
2020-05-28,-0.0016989091580433657
2020-05-29,0.008289336169217886
2020-06-01,0.005407692646848597
2020-06-02,0.005952608208919938
2020-06-03,0.0033614931974283455
2020-06-04,-0.010677288524780849
2020-06-05,0.020750411009916973
2020-06-08,0.00861076149511685
2020-06-09,0.01547979535715882
2020-06-10,0.020177576168816495
2020-06-11,-0.04767819588423258
2020-06-12,0.0058564416538821155
2020-06-15,0.008860754258104333
2020-06-16,0.021371697492911835
2020-06-17,0.002893474801460107
2020-06-18,0.0012305723179880381
2020-06-19,-0.0032482271552470646
2020-06-22,0.020445747572359552
2020-06-23,0.012926054032856306
2020-06-24,-0.018629959882532507
2020-06-25,0.010142564238833631
2020-06-26,-0.031003178657287397
2020-06-29,0.01391763866658187
2020-06-30,0.01839375328958109
2020-07-01,0.013539272654867453
2020-07-02,0.007088229490103291
2020-07-06,0.028676753026528737
2020-07-07,-0.009798517297468383
2020-07-08,0.01911182772216597
2020-07-09,0.010722822311109884
2020-07-10,0.004444232502813557
2020-07-13,-0.01947220636426681
2020-07-14,0.006776653372171567
2020-07-15,-0.003200808831324601
2020-07-16,-0.009281640976467683
2020-07-17,-0.003784577758365295
2020-07-20,0.037902626293234265
2020-07-21,-0.011364327229694443
2020-07-22,0.0035197065002031645
2020-07-23,-0.03765866143710683
2020-07-24,-0.0024388519081865183
2020-07-27,0.015577863222327836
2020-07-28,-0.014056697148365887
2020-07-29,0.01330608984661125
2020-07-30,0.005600822423153828
2020-07-31,0.027629269079568333
2020-08-03,0.01653015776136367
2020-08-04,-0.001287264300805897
2020-08-05,0.006071843359429506
2020-08-06,0.017920402890420115
2020-08-07,-0.014667087269140984
2020-08-10,-0.002550523598220575
2020-08-11,-0.020813832935047356
2020-08-12,0.02540117937654359
2020-08-13,0.004785974169362195
2020-08-14,-0.002396085544665848
2020-08-17,0.005020036637324316
2020-08-18,0.016885853983367772
2020-08-19,-0.006231388467511447
2020-08-20,0.0178543483949315
2020-08-21,0.010237106312584409
2020-08-24,0.007357780616754045
2020-08-25,0.006462485925372216
2020-08-26,0.020052688028507227
2020-08-27,-0.0010785792377567063
2020-08-28,0.004237501471083001
2020-08-31,0.005913765678067865
2020-09-01,0.01850706521080453
2020-09-02,0.010205026092706166
2020-09-03,-0.0603343482345307
2020-09-04,-0.014611710166872611
2020-09-08,-0.05050104355416786
2020-09-09,0.03263953082275714
2020-09-10,-0.02571513145674383
2020-09-11,-0.009987026774165308
2020-09-14,0.008614784116745546
2020-09-15,0.011814266277795794
2020-09-16,-0.020423965637023315
2020-09-17,-0.015429319660318644
2020-09-18,-0.020845189367958077
2020-09-21,0.006485071148930888
2020-09-22,0.02604418958083933
2020-09-23,-0.036890003275276105
2020-09-24,0.009266697847852352
2020-09-25,0.023636681030583213
2020-09-28,0.017226936911807846
2020-09-29,-0.005901000045949355
2020-09-30,0.00835945614006251
2020-10-01,0.01284044143244459
2020-10-02,-0.02710316222468094
2020-10-05,0.022768798263313232
2020-10-06,-0.024712363936805558
2020-10-07,0.017845348613387234
2020-10-08,0.004515271112151799
2020-10-09,0.02087908033558861
2020-10-12,0.039719257246833665
2020-10-13,-0.005375429053903224
2020-10-14,-0.007858513807977653
2020-10-15,-0.004995586059693261
2020-10-16,-0.006008580036425029
2020-10-19,-0.023188137237565836
2020-10-20,0.007531038648664729
2020-10-21,0.0010675025083747487
2020-10-22,0.00029719663844169876
2020-10-23,0.005359932080025391
2020-10-26,-0.014946440757299787
2020-10-27,0.013462408783998006
2020-10-28,-0.047038401932291016
2020-10-29,0.021645758622873452
2020-10-30,-0.02195419519370501
2020-11-02,-0.00034884762342127153
2020-11-03,0.016088280443202423
2020-11-04,0.048079009597850095
2020-11-05,0.02532378326625932
2020-11-06,-0.0007815734527501282
2020-11-09,-0.020019759182193585
2020-11-10,-0.01924262887140186
2020-11-11,0.022420565193622368
2020-11-12,-0.005087292239865113
2020-11-13,0.0072565969508594326
2020-11-16,0.004584592757899601
2020-11-17,-0.006751791316876913
2020-11-18,-0.011729113937215086
2020-11-19,0.006083714251358954
2020-11-20,-0.009515769781113268
2020-11-23,-0.008367478572863138
2020-11-24,0.014332210838039282
2020-11-25,0.0059959826764766026
2020-11-27,0.006288692554014493
2020-11-30,-0.0019753291388407705
2020-12-01,0.019039392697978573
2020-12-02,0.00221030057796715
2020-12-03,-0.0030217625016972917
2020-12-04,-0.0017198654038190668
2020-12-07,0.0017321572422121215
2020-12-08,0.004149899257351733
2020-12-09,-0.019487482572771147
2020-12-10,0.0001046568590275384
2020-12-11,0.003193912899900865
2020-12-14,-0.0006099247251070479
2020-12-15,0.015000027688115532
2020-12-16,0.01025491571275382
2020-12-17,0.0002431899627722324
2020-12-18,-0.009130098287049939
2020-12-21,0.00850173326900473
2020-12-22,0.006720592744005673
2020-12-23,-0.005342230148860936
2020-12-24,0.004151769080547377
2020-12-28,0.023541011328010446
2020-12-29,-0.003975134562552679
2020-12-30,-0.009419249437741953
2020-12-31,-0.00048212479494617357
2021-01-04,-0.02041456523539112
2021-01-05,0.007596650766516369
2021-01-06,-0.021557740039325514
2021-01-07,0.024274255506279423
2021-01-08,0.008160508952928452
2021-01-11,-0.018019900519414465
2021-01-12,-0.0050226909418941545
2021-01-13,0.009922002757254378
2021-01-14,-0.012347738907595803
2021-01-15,-0.006495212357707336
2021-01-19,0.01408798309963377
2021-01-20,0.03779360125727053
2021-01-21,0.01288129980779985
2021-01-22,0.004714713765093945
2021-01-25,0.01143951020075163
2021-01-26,0.006674149174741083
2021-01-27,-0.019051047938720665
2021-01-28,0.002387320536978428
2021-01-29,-0.02371709993193944
2021-02-01,0.029315496861618044
2021-02-02,0.007779204665496967
2021-02-03,0.011769343857989303
2021-02-04,0.007068951818186715
2021-02-05,0.004478201704549679
2021-02-08,-0.0008913562283059232
2021-02-09,-0.0023392347729066353
2021-02-10,-0.002213892025178181
2021-02-11,0.00011831287269540703
2021-02-12,0.0030005072134455
2021-02-16,-0.004510105281459133
2021-02-17,-0.00017722588879254896
2021-02-18,-0.0030473573619847843
2021-02-19,-0.009161628819877808
2021-02-22,-0.022766575514937184
2021-02-23,-4.895335437047488e-05
2021-02-24,0.0015342319717144347
2021-02-25,-0.03049610471103395
2021-02-26,0.006631547903695012
2021-03-01,0.028445988240524335
2021-03-02,-0.013131767033095754
2021-03-03,-0.025441641212785256
2021-03-04,-0.005750511732032381
2021-03-05,0.01745211863251971
2021-03-08,-0.027717240352631144
2021-03-09,0.028930575474139984
2021-03-10,-0.0038899252900206657
2021-03-11,0.01996584548829915
2021-03-12,-0.009663195450350227
2021-03-15,0.005562846366642464
2021-03-16,0.009614235289610237
2021-03-17,0.0006743911241415186
2021-03-18,-0.029772377280316273
2021-03-19,0.0019248849790050534
2021-03-22,0.01651796951100208
2021-03-23,0.001910327899929003
2021-03-24,-0.011904281289801392
2021-03-25,-0.004403585676061651
2021-03-26,0.006912528895025237
2021-03-29,0.0026227661707163815
2021-03-30,-0.008249309908905452
2021-03-31,0.013329624498652446
2021-04-01,0.020386904207381484
2021-04-05,0.026408985301734935
2021-04-06,-0.0017184440625893106
2021-04-07,0.011585306706315648
2021-04-08,0.010791747993224321
2021-04-09,0.01445189975392253
2021-04-12,-0.005116958942902137
2021-04-13,0.010895883423458588
2021-04-14,-0.012760613795167046
2021-04-15,0.016073961665308455
2021-04-16,0.0018746541142597814
2021-04-19,-0.0021606855456466055
2021-04-20,-0.007594326256854664
2021-04-21,0.005483452171029498
2021-04-22,-0.012606370147111318
2021-04-23,0.015468264119639707
2021-04-26,0.006239164891178953
2021-04-27,-0.0013869816531548857
2021-04-28,-0.0004692247403204677
2021-04-29,0.002004545717216607
2021-04-30,-0.008331498480149684
2021-05-03,-0.0036673779128684057
2021-05-04,-0.021273069967616475
2021-05-05,-0.0026400453872843692
2021-05-06,0.01138138143579906
2021-05-07,0.005120462432811715
2021-05-10,-0.024239526368277586
2021-05-11,-0.0035364566022177946
2021-05-12,-0.026674152272229978
2021-05-13,0.013018439293024753
2021-05-14,0.01987626062165473
2021-05-17,-0.0017417031926461907
2021-05-18,-0.010512087833396766
2021-05-19,0.0008015440121354846
2021-05-20,0.013777619666078683
2021-05-21,-0.00901358168650893
2021-05-24,0.018326480426024642
2021-05-25,0.0013392069433768475
2021-05-26,0.0017165499132164974
2021-05-27,-0.00888299240829565
2021-05-28,-0.0017215554972181814
2021-06-01,-0.001264954993668321
2021-06-02,0.0016796916552724891
2021-06-03,-0.009919026959451913
2021-06-04,0.01581943478833327
2021-06-07,0.0031306273507173523
2021-06-08,0.004229474048632871
2021-06-09,0.003458352040370301
2021-06-10,0.00840059291820635
2021-06-11,0.002668445123209007
2021-06-14,0.011960295420317027
2021-06-15,-0.005000930590630612
2021-06-16,0.0002927593621834674
2021-06-17,0.012381535144143786
2021-06-18,-0.008140806740354743
2021-06-21,0.008902668552316296
2021-06-22,0.010222000909204559
2021-06-23,-0.0012951022687822916
2021-06-24,-0.0011577177003341418
2021-06-25,-0.00454526790079135
2021-06-28,0.009308781450622566
2021-06-29,0.0052094947018105665
2021-06-30,1.2843491953805247e-05
2021-07-01,0.001924808485589923
2021-07-02,0.020157488874728964
2021-07-06,0.014134782020585593
2021-07-07,0.008417577342704506
2021-07-08,-0.005778935605743472
2021-07-09,0.0048820781632059745
2021-07-12,0.001011888877132899
2021-07-13,0.003248870345708423
2021-07-14,0.009096639736138303
2021-07-15,-0.007472795180427696
2021-07-16,-0.007831948495545091
2021-07-19,-0.01681505440136278
2021-07-20,0.013837021316359022
2021-07-21,0.004157604815945353
2021-07-22,0.011069985352923386
2021-07-23,0.015117506603542963
2021-07-26,0.00430773416299297
2021-07-27,-0.013610997768186027
2021-07-28,0.0030889175986025686
2021-07-29,-0.00035361923880693354
2021-07-30,-0.018787562769686097
2021-08-02,-0.0004488226441054431
2021-08-03,0.009184925436337104
2021-08-04,-0.0031523737198300692
2021-08-05,0.0063549075221290075
2021-08-06,-0.0036837419648576976
2021-08-09,0.00039462332308792163
2021-08-10,-0.0037868354104847336
2021-08-11,-0.0013625356337631897
2021-08-12,0.009947866097738579
2021-08-13,0.003341282893062255
2021-08-16,0.006236885228863501
2021-08-17,-0.009379161556567173
2021-08-18,-0.013404556585858774
2021-08-19,0.005372800293296981
2021-08-20,0.012958734450248163
2021-08-23,0.011508912638595315
2021-08-24,0.002500772311448915
2021-08-25,-0.0016545772836832708
2021-08-26,-0.004290322713495949
2021-08-27,0.008816369543034963
2021-08-30,0.016199900550867837
2021-08-31,-0.0006710644224069373
2021-09-01,0.00231612934041059
2021-09-02,-0.0019837462650871026
2021-09-03,0.0025138209799043135
2021-09-07,0.005225950641818405
2021-09-08,-0.002527744432010683
2021-09-09,-0.007155914284783076
2021-09-10,-0.015117328827806177
2021-09-13,0.003672186537658293
2021-09-14,-0.0007147142242249483
2021-09-15,0.010639803890311758
2021-09-16,-0.0006566676716450585
2021-09-17,-0.015461743100658289
2021-09-20,-0.021009701061860227
2021-09-21,0.000914361808722063
2021-09-22,0.012296308287051413
2021-09-23,0.007142162834414036
2021-09-24,0.00210887638153843
2021-09-27,-0.01007052897625739
2021-09-28,-0.030196629783638972
2021-09-29,-0.0008763312523497823
2021-09-30,-0.0073941579585811625
2021-10-01,0.013628194102263173
2021-10-04,-0.022806636280742483
2021-10-05,0.014943794676899356
2021-10-06,0.010509387729361027
2021-10-07,0.00946349513559302
2021-10-08,-0.0008983810757810539
2021-10-11,-0.005251717702609448
2021-10-12,-0.007199726949119343
2021-10-13,0.006124368184714062
2021-10-14,0.018117863305200006
2021-10-15,0.010648721403069706
2021-10-18,0.009933979132162825
2021-10-19,0.005765608645934904
2021-10-20,-0.0031918717493843248
2021-10-21,0.004668307467782246
2021-10-22,-0.014778653889266585
2021-10-25,-0.0014695698181025638
2021-10-26,0.008850070827589561
2021-10-27,0.019731984074607398
2021-10-28,0.010700925516733004
2021-10-29,-0.00019527658572773257
2021-11-01,-0.01242531297289971
2021-11-02,0.007370170010092152
2021-11-03,0.00955082656864496
2021-11-04,0.009100865915896542
2021-11-05,0.004145434072495813
2021-11-08,-0.0020883277834237175
2021-11-09,0.004299208620875046
2021-11-10,-0.018949242645685826
2021-11-11,0.00045329312756479224
2021-11-12,0.014481223988653735
2021-11-15,0.00042504789019880157
2021-11-16,0.0035434200457865783
2021-11-17,0.004714780010115605
2021-11-18,0.019479063480186375
2021-11-19,0.0030952674779438655
2021-11-22,-0.011247514648971623
2021-11-23,-0.001143826862837569
2021-11-24,0.001740206526961663
2021-11-26,-0.026212734288570648
2021-11-29,0.019725604676319942
2021-11-30,-0.006859116931380119
2021-12-01,-0.00714747979801051
2021-12-02,0.0018620979365573777
2021-12-03,-0.012928990167020975
2021-12-06,0.01276836260006265
2021-12-07,0.028546125599101347
2021-12-08,0.0071677088151144005
2021-12-09,-0.005830273192742503
2021-12-10,0.01305914338885974
2021-12-13,-0.01447064557159049
2021-12-14,-0.014199025141860007
2021-12-15,0.021762061578422833
2021-12-16,-0.02623144878291481
2021-12-17,-0.005997404594869211
2021-12-20,-0.00978294874396337
2021-12-21,0.01876268638081746
2021-12-22,0.01405626807322374
2021-12-23,0.0033657855146617724
2021-12-27,0.012515025987912511
2021-12-28,-0.00289574875833017
2021-12-29,-0.0009963747964212542
2021-12-30,-0.005136809297035581
2021-12-31,-0.007510129591915789
2022-01-03,0.010149731267775212
2022-01-04,-0.01178090067400226
2022-01-05,-0.03167228580171764
2022-01-06,-0.007672485781960028
2022-01-07,-0.0019445441360912371
2022-01-10,0.00116686529694723
2022-01-11,0.011907958083119492
2022-01-12,0.005732652571656183
2022-01-13,-0.02595675027024633
2022-01-14,0.008134062563985557
2022-01-18,-0.021785106574110976
2022-01-19,-0.010418327161780021
2022-01-20,-0.013855016507615205
2022-01-21,-0.02660847645185891
2022-01-24,0.002832520018616215
2022-01-25,-0.023241267999527686
2022-01-26,0.00862272657843822
2022-01-27,0.0021371989664766573
2022-01-28,0.03898843627898831
2022-01-31,0.020961579958964974
2022-02-01,0.004223531124621347
2022-02-02,0.020236806265247594
2022-02-03,-0.039544039361486365
2022-02-04,0.02958437127995164
2022-02-07,-0.010912934760768885
2022-02-08,0.013015804477329824
2022-02-09,0.011761888932032696
2022-02-10,-0.021952691737518588
2022-02-11,-0.02691371554237194
2022-02-14,0.004267128430484773
2022-02-15,0.015230470976077519
2022-02-16,0.003140966244129135
2022-02-17,-0.02706915507846117
2022-02-18,-0.011338501898345238
2022-02-22,-0.009836566915619335
2022-02-23,-0.02564022064586713
2022-02-24,0.034752070514903595
2022-02-25,0.013534753748889431
2022-02-28,0.0019875775931909837
2022-03-01,-0.012350349099744034
2022-03-02,0.013280762802496173
2022-03-03,-0.011117740251855987
2022-03-04,-0.016709018507153357
2022-03-07,-0.03875517753797648
2022-03-08,-0.007413807586663734
2022-03-09,0.03689705216357318
2022-03-10,-0.0008258187019591354
2022-03-11,-0.01788051976493762
2022-03-14,-0.021964926551515267
2022-03-15,0.03170619136634066
2022-03-16,0.0294298890727071
2022-03-17,0.009721746489790512
2022-03-18,0.01906495898663383
2022-03-21,0.0013004953652546022
2022-03-22,0.01999543855663059
2022-03-23,-0.007126944337720668
2022-03-24,0.01592863677767312
2022-03-25,0.0025850141635931816
2022-03-28,0.012425087866149837
2022-03-29,0.011591950829546727
2022-03-30,-0.007908610698598328
2022-03-31,-0.01859504596174255
2022-04-01,0.0029920355039594285
2022-04-04,0.020906332184114085
2022-04-05,-0.017842274424674856
2022-04-06,-0.027386294687794896
2022-04-07,0.00031333306015415065
2022-04-08,-0.015063412422987692
2022-04-11,-0.029426413665426948
2022-04-12,-0.002499527642158619
2022-04-13,0.019663329698837228
2022-04-14,-0.02565351624144114
2022-04-18,0.0032288266329028132
2022-04-19,0.019809108783478573
2022-04-20,-0.007730436231681142
2022-04-21,-0.020262094155748506
2022-04-22,-0.029816026954617755
2022-04-25,0.016328609447478337
2022-04-26,-0.0386675498205227
2022-04-27,0.0024168696785783054
2022-04-28,0.03549261121008392
2022-04-29,-0.06163463385834622
2022-05-02,0.011915208997482484
2022-05-03,0.0013640638410787602
2022-05-04,0.03112350830783007
2022-05-05,-0.054452262670255186
2022-05-06,-0.00592793841850282
2022-05-09,-0.03748211642527146
2022-05-10,0.01228279480060018
2022-05-11,-0.03125485815250146
2022-05-12,-0.010363328574255102
2022-05-13,0.032546219626954996
2022-05-16,-0.009522227120866582
2022-05-17,0.024922326061808494
2022-05-18,-0.05314467261427951
2022-05-19,-0.010120543164180314
2022-05-20,-0.002279449792378471
2022-05-23,0.024189493453371954
2022-05-24,-0.023292846182711418
2022-05-25,0.008704207356791241
2022-05-26,0.022533244291442336
2022-05-27,0.034637712270638235
2022-05-31,0.008004301024077402
2022-06-01,0.0021414036935584546
2022-06-02,0.020667899469794214
2022-06-03,-0.0260821666404961
2022-06-06,0.00831944090002682
2022-06-07,0.006449982323691331
2022-06-08,-0.00718751413553676
2022-06-09,-0.029357039428949374
2022-06-10,-0.04220888543027541
2022-06-13,-0.04445060508842016
2022-06-14,0.0016167111531508766
2022-06-15,0.029565858156362868
2022-06-16,-0.0348228137332619
2022-06-17,0.012764313243591147
2022-06-21,0.029247594913417503
2022-06-22,-0.001346834995441582
2022-06-23,0.019562617089357096
2022-06-24,0.03456883192966417
2022-06-27,-0.012327511094390864
2022-06-28,-0.034963064603825235
2022-06-29,0.009074553458220797
2022-06-30,-0.018683965481181005
2022-07-01,0.0135200345388859
2022-07-05,0.023227969016653614
2022-07-06,0.00965839771932355
2022-07-07,0.02015126177983304
2022-07-08,-1.1983677258808892e-06
2022-07-11,-0.020754407913287976
2022-07-12,-0.017111345238195175
2022-07-13,-0.00468399804534318
2022-07-14,0.004804924326756242
2022-07-15,0.015072233052619899
2022-07-18,-0.013068832608545258
2022-07-19,0.030653206246147497
2022-07-20,0.014343810121068013
2022-07-21,0.010974772211540204
2022-07-22,-0.022405840691229483
2022-07-25,-0.006034909963458872
2022-07-26,-0.02561156472041527
2022-07-27,0.052363311428193456
2022-07-28,0.013368738843487117
2022-07-29,0.03676189039062995
2022-08-01,-0.006157785253904933
2022-08-02,-0.0072355277793044225
2022-08-03,0.03069645335544317
2022-08-04,0.005003820896081863
2022-08-05,-0.004890295311697749
2022-08-08,-0.005416080808997734
2022-08-09,-0.001987792750561179
2022-08-10,0.026672553303445888
2022-08-11,-0.007303797970369166
2022-08-12,0.020021330334971436
2022-08-15,0.003462282408306321
2022-08-16,0.0009154030249070404
2022-08-17,-0.00648746138819943
2022-08-18,4.3693761854849244e-05
2022-08-19,-0.01943669209053159
2022-08-22,-0.027894096586663787
2022-08-23,-0.001998625398473055
2022-08-24,0.00014957788391408062
2022-08-25,0.018139315371568047
2022-08-26,-0.043757814172059595
2022-08-29,-0.009939361379170083
2022-08-30,-0.009618578046259348
2022-08-31,-0.009261697180468187
2022-09-01,0.004901431449921969
2022-09-02,-0.0126481592237353
2022-09-06,-0.00934494568696992
2022-09-07,0.01897384067366796
2022-09-08,-0.002788836261912189
2022-09-09,0.021278347423184192
2022-09-12,0.017672465915022296
2022-09-13,-0.06049930416403406
2022-09-14,0.00699569476594947
2022-09-15,-0.020377415618593974
2022-09-16,-0.008791272416724297
2022-09-19,0.00908677143136838
2022-09-20,-0.007176978712917801
2022-09-21,-0.02029170608078878
2022-09-22,-0.0006885937014147501
2022-09-23,-0.017620844312068333
2022-09-26,0.00031178952421330306
2022-09-27,-0.002375880896588047
2022-09-28,0.01500512770270361
2022-09-29,-0.029275880975250627
2022-09-30,-0.02090087887116621
2022-10-03,0.029645021596601772
2022-10-04,0.03247780191701838
2022-10-05,-4.404976933306569e-05
2022-10-06,-0.006225850479368072
2022-10-07,-0.04048494552396523
2022-10-10,-0.008790209718452863
2022-10-11,-0.01141545409687906
2022-10-12,0.0008990969980135972
2022-10-13,0.022494615556140112
2022-10-14,-0.03201228338769163
2022-10-17,0.03877095265861645
2022-10-18,0.010589255441360648
2022-10-19,-0.007151436789302207
2022-10-20,-0.001015306968144853
2022-10-21,0.024565835439283482
2022-10-24,0.013698008684336994
2022-10-25,0.014882214734465438
2022-10-26,-0.05332180055739113
2022-10-27,-0.027348316270410036
2022-10-28,0.024961916497456955
2022-10-31,-0.014219966708369022
2022-11-01,-0.029248977347313538
2022-11-02,-0.038829899114219066
2022-11-03,-0.033131394944080086
2022-11-04,0.020277121979919394
2022-11-07,0.01251047548431064
2022-11-08,0.0023802540053694536
2022-11-09,-0.02763783120721276
2022-11-10,0.08402202443935244
2022-11-11,0.02356887880628951
2022-11-14,-0.015021474853896946
2022-11-15,0.010790984952754894
2022-11-16,-0.005283866677990296
2022-11-17,-0.002860087876905927
2022-11-18,-0.002482450560534297
2022-11-21,-0.012378847272305314
2022-11-22,0.012639524010228003
2022-11-23,0.009564300777949154
2022-11-25,-0.008637634258192608
2022-11-28,-0.015880344245793536
2022-11-29,-0.012081497251305421
2022-11-30,0.05046608008133298
2022-12-01,-0.0022088230386434786
2022-12-02,-0.004618063804055572
2022-12-05,-0.017251669627433547
2022-12-06,-0.024254047894798847
2022-12-07,-0.00818314223329129
2022-12-08,0.00849609993968568
2022-12-09,-0.008314692217743386
2022-12-12,0.016898169825469173
2022-12-13,0.01592410976795981
2022-12-14,-0.007416276683569491
2022-12-15,-0.03859701682952165
2022-12-16,-0.01189801385899569
2022-12-19,-0.020111952218691203
2022-12-20,0.003346445690091744
2022-12-21,0.015000878618777653
2022-12-22,-0.025011634272398497
2022-12-23,0.007216426503401249
2022-12-27,-0.015169909512454817
2022-12-28,-0.017739347707853955
2022-12-29,0.026839013519959997
2022-12-30,-0.0018109197372135103
2023-01-03,-0.003908300670867773
2023-01-04,-0.01178649795742724
2023-01-05,-0.020452077016487376
2023-01-06,0.023855825267612686
2023-01-09,0.007888899587929352
2023-01-10,0.010279769274730947
2023-01-11,0.03211111726597475
2023-01-12,0.0026263477760373696
2023-01-13,0.011714122971926142
2023-01-17,-0.002910761708528981
2023-01-18,-0.009310019119207596
2023-01-19,-0.00434008253987313
2023-01-20,0.03327220558970039
2023-01-23,0.013577770201059502
2023-01-24,-0.004870904636940286
2023-01-25,-0.005986480757411122
2023-01-26,0.021258027815290736
2023-01-27,0.013543891929769155
2023-01-30,-0.020170010591575246
2023-01-31,0.017852635428777096
2023-02-01,0.015030428332418265
2023-02-02,0.05029052983603461
2023-02-03,-0.02420608147120132
2023-02-06,-0.012644986330765214
2023-02-07,0.025225492336408077
2023-02-08,-0.026393372699867138
2023-02-09,-0.018161584549696897
2023-02-10,-0.0018622691235844117
2023-02-13,0.017516786856918567
2023-02-14,0.00014655810284454885
2023-02-15,0.00939531323839295
2023-02-16,-0.0197668839320724
2023-02-17,-0.0104642826348902
2023-02-21,-0.025030525418410957
2023-02-22,0.0016718243086162302
2023-02-23,0.0029686261434947892
2023-02-24,-0.019935432117028886
2023-02-27,0.0055436438636739666
2023-02-28,-0.000551878438047632
2023-03-01,-0.010904546293689145
2023-03-02,0.010181130291211862
2023-03-03,0.02382017582709889
2023-03-06,0.006901779403755902
2023-03-07,-0.010971926163710734
2023-03-08,0.0034243688950156923
2023-03-09,-0.014708739182345843
2023-03-10,-0.015688644827229294
2023-03-13,0.013224721769448626
2023-03-14,0.02322514941890529
2023-03-15,0.011712270912299106
2023-03-16,0.03270632211200228
2023-03-17,0.0007471279141782978
2023-03-20,-0.005038728426222348
2023-03-21,0.01872211092062864
2023-03-22,-0.012179867976128609
2023-03-23,0.011177619896628993
2023-03-24,0.003846487968785874
2023-03-27,-0.012584660035852572
2023-03-28,-0.006713789223588699
2023-03-29,0.017901302247636895
2023-03-30,0.008651794034669187
2023-03-31,0.017058891484213964
2023-04-03,0.0008685751549503332
2023-04-04,0.0022601705178748642
2023-04-05,-0.01162339831648234
2023-04-06,0.017375330780687835
2023-04-10,-0.009295433666125919
2023-04-11,-0.014122801290259262
2023-04-12,-0.006496610873486509
2023-04-13,0.029635160132770524
2023-04-14,-0.0011078399532018428
2023-04-17,-0.002249735743900787
2023-04-18,-0.0020903100610855526
2023-04-19,0.0050474642767551845
2023-04-20,-0.0028716097501129603
2023-04-21,0.003520758219689574
2023-04-24,-0.003289523884375765
2023-04-25,-0.020685016037355713
2023-04-26,0.02141827995716442
2023-04-27,0.033212917384603066
2023-04-28,-0.003873305895660441
2023-05-01,-0.008436515179119607
2023-05-02,-0.0032715185699798916
2023-05-03,-0.002929558567601102
2023-05-04,-0.003069943784854847
2023-05-05,0.02239329257491584
2023-05-08,0.002757562014056453
2023-05-09,-0.0035783823305331553
2023-05-10,0.02196595706683382
2023-05-11,0.010356971190784938
2023-05-12,-0.004256333809559365
2023-05-15,3.7457529315239147e-06
2023-05-16,0.01016744566992421
2023-05-17,0.01034084844200224
2023-05-18,0.01572887240183707
2023-05-19,-0.0034863179580828536
2023-05-22,0.002438806130638345
2023-05-23,-0.01365482496000899
2023-05-24,-0.0011294703223022273
2023-05-25,0.013166584156414522
2023-05-26,0.02059540939563714
2023-05-30,0.0024740174529540755
2023-05-31,-0.005845588330295231
2023-06-01,0.013067764216589173
2023-06-02,0.00866408689478945
2023-06-05,0.0021316751427868283
2023-06-06,0.002147269417820422
2023-06-07,-0.02651880496402059
2023-06-08,0.01022152056104507
2023-06-09,0.0007148622311305874
2023-06-12,0.015942060976684096
2023-06-13,0.002284073077193393
2023-06-14,0.0026230496633375586
2023-06-15,0.015237783193971989
2023-06-16,-0.011064397871452757
2023-06-20,-0.003779594417547673
2023-06-21,-0.010982036794931444
2023-06-22,0.02163985589161781
2023-06-23,-0.007246421359846223
2023-06-26,-0.016907567307171228
2023-06-27,0.012196281588483552
2023-06-28,0.005467853670030653
2023-06-29,-0.0033343090750176368
2023-06-30,0.01576155458926544
2023-07-03,-0.003598916042067261
2023-07-05,0.0018052325516719331
2023-07-06,-0.0036988887950994078
2023-07-07,-0.0035659029454771607
2023-07-10,-0.015767760488763504
2023-07-11,0.004173727812113824
2023-07-12,0.012715181607766727
2023-07-13,0.02031821208645947
2023-07-14,0.003983003632563489
2023-07-17,0.002088886487690114
2023-07-18,0.007632732424493128
2023-07-19,-0.00014389477456954705
2023-07-20,-0.021886147464441223
2023-07-21,-0.002356851417054827
2023-07-24,0.003116936524282014
2023-07-25,0.007242764683066809
2023-07-26,0.001266821626984838
2023-07-27,-0.007232064558985476
2023-07-28,0.020983139418548666
2023-07-31,0.0015863160579896905
2023-08-01,-0.0058160662374007
2023-08-02,-0.02219690691837261
2023-08-03,-0.001568189332134053
2023-08-04,0.00345982622903888
2023-08-07,0.007319728020258506
2023-08-08,-0.005635340834848228
2023-08-09,-0.01154124875805362
2023-08-10,0.0013432223579725908
2023-08-11,-0.0018819566586722699
2023-08-14,0.011047394208760483
2023-08-15,-0.01221894154478678
2023-08-16,-0.008071760032637097
2023-08-17,-0.0069258449314231465
2023-08-18,-0.004525584609494988
2023-08-21,0.010407685891032291
2023-08-22,0.0026109388123110714
2023-08-23,0.016947538812838347
2023-08-24,-0.022916701314822877
2023-08-25,0.008480889527328363
2023-08-28,0.004942991900237677
2023-08-29,0.01844407892374543
2023-08-30,0.007622453120735065
2023-08-31,0.004095008195388396
2023-09-01,0.002387701141645659
2023-09-05,0.0025031015768414706
2023-09-06,-0.015031105858100007
2023-09-07,-0.005137399811194565
2023-09-08,0.006503994968187523
2023-09-11,0.012750867535298959
2023-09-12,-0.014410813841898821
2023-09-13,0.007423307316206093
2023-09-14,0.006844510458371523
2023-09-15,-0.015683406248231415
2023-09-18,0.003962467704456565
2023-09-19,-0.0026111005188857346
2023-09-20,-0.021798400708463405
2023-09-21,-0.01887470789645917
2023-09-22,-0.0015880960130093312
2023-09-25,0.007294618117728459
2023-09-26,-0.02382639153551991
2023-09-27,0.0013668702399832276
2023-09-28,0.004331243363793664
2023-09-29,0.0017914834473027029
2023-10-02,0.017030719678162082
2023-10-03,-0.01998895963936321
2023-10-04,0.014772907321274068
2023-10-05,0.00017252692530129616
2023-10-06,0.017783161740470253
2023-10-09,0.0063758426362456495
2023-10-10,-3.40445380660611e-05
2023-10-11,0.01259870776200853
2023-10-12,-0.001802715567871777
2023-10-13,-0.01189555236688645
2023-10-16,0.011308588683034927
2023-10-17,-0.0033935384128812615
2023-10-18,-0.012351503105751359
2023-10-19,-0.0003923113051360596
2023-10-20,-0.01671502674679443
2023-10-23,0.005551605881209553
2023-10-24,0.008795119017760198
2023-10-25,-0.028749499049054272
2023-10-26,-0.025387052486405378
2023-10-27,0.016028743459360593
2023-10-30,0.021215543619144666
2023-10-31,0.0018822361385329176
2023-11-01,0.02109473797191176
2023-11-02,0.011833150019872073
2023-11-03,0.00608062946799724
2023-11-06,0.00989582991041273
2023-11-07,0.01196899291052047
2023-11-08,0.00382404488602284
2023-11-09,-0.007709913614146637
2023-11-10,0.021178427524062637
2023-11-13,-0.006392492261904852
2023-11-14,0.014659236384471298
2023-11-15,-0.0010354852054186418
2023-11-16,0.009615555704098286
2023-11-17,-0.0032544583995097304
2023-11-20,0.010843316345127611
2023-11-21,-0.006211017360337866
2023-11-22,0.010520334884048108
2023-11-24,-0.0045494368367698605
2023-11-27,0.0012978206685712508
2023-11-28,0.0037924049422222213
2023-11-29,-0.008170143294023992
2023-11-30,-0.0027958940004016073
2023-12-01,-0.000369021281604314
2023-12-04,-0.013483200839143667
2023-12-05,0.01291084254380245
2023-12-06,-0.009064826836203556
2023-12-07,0.018331323512874306
2023-12-08,0.0023562091749873932
2023-12-11,-0.009451027694705898
2023-12-12,0.0055023673593823895
2023-12-13,0.007412641589834908
2023-12-14,-0.008060788916732666
2023-12-15,0.006838676795947751
2023-12-18,0.009881004918799759
2023-12-19,0.0032357513205846593
2023-12-20,-0.005588215771106338
2023-12-21,0.007946526479228258
2023-12-22,0.0004765494912102038
2023-12-26,-0.00020710021286652567
2023-12-27,-0.0018070835222781263
2023-12-28,0.0012537032904078433
2023-12-29,-0.003802063747977311
2024-01-02,-0.017984494911243806
2024-01-03,-0.0037554342916462278
2024-01-04,-0.0143186342794088
2024-01-05,-0.0010429471455861644
2024-01-08,0.021840076456084517
2024-01-09,0.0060531547091682856
2024-01-10,0.011551207247760648
2024-01-11,0.001957087482072858
2024-01-12,0.003074626085333963
2024-01-16,-0.004432394792076944
2024-01-17,-0.005706389866524717
2024-01-18,0.016874270683548246
2024-01-19,0.014505785853094078
2024-01-22,0.0006196605528305796
2024-01-23,0.006480549166068686
2024-01-24,0.004851993885553968
2024-01-25,0.006885987043431447
2024-01-26,-0.0008212248614698428
2024-01-29,0.007847889227612908
2024-01-30,-0.011137734016785392
2024-01-31,-0.033791991838674
2024-02-01,0.015179247385159028
2024-02-02,0.021122996556079094
2024-02-05,-0.0012604623074135904
2024-02-06,0.0015567896111960116
2024-02-07,0.00981219348532725
2024-02-08,-0.0016655073975675218
2024-02-09,0.015003203738802212
2024-02-12,-0.009886007821032114
2024-02-13,-0.017269590866130315
2024-02-14,0.005959525420253976
2024-02-15,-0.007278802642111685
2024-02-16,-0.007676749368095602
2024-02-20,-0.00440530825225452
2024-02-21,0.004571773758502792
2024-02-22,0.019793860638770727
2024-02-23,-0.002960417254195095
2024-02-26,-0.01332638182929038
2024-02-27,0.0026978910841508334
2024-02-28,-0.005718362031013135
2024-02-29,0.010180370812365017
2024-03-01,0.00027324795851861784
2024-03-04,-0.01320818698506175
2024-03-05,-0.020680128431133336
2024-03-06,-0.003942024413667575
2024-03-07,0.013420213821272137
2024-03-08,1.0937480645508378e-05
2024-03-11,0.001212172240451591
2024-03-12,0.013478740704405098
2024-03-13,-0.00013044232775300668
2024-03-14,0.015686888976763538
2024-03-15,-0.014072892640833218
2024-03-18,0.011791554839082145
2024-03-19,0.007104696122987019
2024-03-20,0.011681927110671751
2024-03-21,-0.00921556286052094
2024-03-22,0.005823808212249616
2024-03-25,-0.005806505962629389
2024-03-26,-0.003352342977335064
2024-03-27,0.007928261422934322
2024-03-28,-0.0024042132670577753
2024-04-01,0.006586506531460177
2024-04-02,-0.0057530868806583675
2024-04-03,0.003078411373082056
2024-04-04,-0.012396307111123146
2024-04-05,0.014847485973515227
2024-04-08,0.001025587546475112
2024-04-09,0.005678111803583061
2024-04-10,-0.005871243558970983
2024-04-11,0.021537356084027164
2024-04-12,-0.00802253944953234
2024-04-15,-0.018118312823870577
2024-04-16,-0.005375398527695884
2024-04-17,-0.00515338062704956
2024-04-18,-0.007868914549246571
2024-04-19,-0.014819433411190769
2024-04-22,0.009114306320417973
2024-04-23,0.011968240365706359
2024-04-24,0.0018033629927502507
2024-04-25,-0.012605002541174783
2024-04-26,0.030799944641331657
2024-04-29,-0.001413000218550526
2024-04-30,-0.02516471704922981
2024-05-01,0.007577588755956961
2024-05-02,0.01783988897210109
2024-05-03,0.023587282870141894
2024-05-06,0.006616988558008612
2024-05-07,0.0022824436448380496
2024-05-08,-0.0017957840692090713
2024-05-09,0.006420364807831523
2024-05-10,-0.0038276844255230717
2024-05-13,0.003377832393926488
2024-05-14,0.005655855603753258
2024-05-15,0.009973691281071303
2024-05-16,-0.0019131799310171125
2024-05-17,0.003028658423424557
2024-05-20,0.004399007405209366
2024-05-21,0.004741955126066033
2024-05-22,-0.0030010221637878777
2024-05-23,-0.013625902632226397
2024-05-24,0.007936773016138331
2024-05-28,0.003324141974721936
2024-05-29,-0.0016877360436309632
2024-05-30,-0.015293065271663029
2024-05-31,-0.00035018791678139647
2024-06-03,0.004331646062607234
2024-06-04,0.0038936711055373796
2024-06-05,0.011862526113979704
2024-06-06,0.004080191050931953
2024-06-07,-0.0007812169578971482
2024-06-10,0.001666882178340481
2024-06-11,0.022581299164435853
2024-06-12,0.013615022274495047
2024-06-13,-0.0044176540339171694
2024-06-14,0.00023770134407759302
2024-06-17,0.00986145957082905
2024-06-18,-0.0074458821819070415
2024-06-20,-0.0011228719615713632
2024-06-21,0.006438748989157875
2024-06-24,-0.004923859473102846
2024-06-25,0.009449048858167912
2024-06-26,0.013235154570051921
2024-06-27,0.0075231655059744985
2024-06-28,-0.016022535161613602
2024-07-01,0.017756242346053695
2024-07-02,0.011353956345698834
2024-07-03,0.0009041476019727236
2024-07-05,0.01708403055515378
2024-07-08,-0.0013276032764503584
2024-07-09,-0.002582215679243719
2024-07-10,0.012031706219652988
2024-07-11,-0.023769483351090828
2024-07-12,0.00212263371464003
2024-07-15,0.004394806184277851
2024-07-16,-0.003925507800870523
2024-07-17,-0.01970029853789108
2024-07-18,-0.015952584689212637
2024-07-19,-0.003088687880587965
2024-07-22,0.0077773303503347185
2024-07-23,0.0064049804719579955
2024-07-24,-0.035133125737611556
2024-07-25,-0.015306030320619113
2024-07-26,0.00831531296253261
2024-07-29,0.005009393760104059
2024-07-30,-0.002848063722973395
2024-07-31,0.009796738581933643
2024-08-01,-0.0104400416599006
2024-08-02,-0.028638688830566607
2024-08-05,-0.041061616096793895
2024-08-06,0.0011924246836523367
2024-08-07,0.003549625799373091
2024-08-08,0.016608103163154215
2024-08-09,0.009294032962133807
2024-08-12,0.00045340434162510014
2024-08-13,0.016641177653809795
2024-08-14,-0.002286403975819448
2024-08-15,0.017772766676791115
2024-08-16,0.0016244848866423516
2024-08-19,0.008404239861953683
2024-08-20,0.0038047228340541274
2024-08-21,-0.0003940701358753615
2024-08-22,-0.014933212015617005
2024-08-23,0.0076013760905181285
2024-08-26,-0.002947842501540572
2024-08-27,-0.0032378482801696086
2024-08-28,-0.009174556167548215
2024-08-29,0.0053761846054164765
2024-08-30,0.011757671396155878
2024-09-03,-0.023678378788218168
2024-09-04,-0.007200025229195546
2024-09-05,0.007371457146670605
2024-09-06,-0.023235925661153838
2024-09-09,0.005644984595065623
2024-09-10,0.009308774331945279
2024-09-11,0.01797593933109742
2024-09-12,0.010578606508634389
2024-09-13,0.005314305805457481
2024-09-16,-0.007422113465744869
2024-09-17,0.006511132099370378
2024-09-18,0.00178653463843183
2024-09-19,0.021873942570130454
2024-09-20,0.0007321306888573188
2024-09-23,-0.0024385775356938685
2024-09-24,-0.0006127003788759063
2024-09-25,-0.0020842897629729856
2024-09-26,0.0013008174504705098
2024-09-27,-0.0036348150087434417
2024-09-30,0.007933546891466565
2024-10-01,-0.013862328998354548
2024-10-02,-0.0032112828534623192
2024-10-03,-0.004817669553013687
2024-10-04,0.008246463447637532
2024-10-07,-0.021717778111769056
2024-10-08,0.012460049627884218
2024-10-09,0.006056758700458419
2024-10-10,0.00017145042488924013
2024-10-11,0.002991910558724458
2024-10-14,0.007324479084394224
2024-10-15,0.0024875769387989076
2024-10-16,-0.004575501737101584
2024-10-17,-0.0012675108613363756
2024-10-18,0.006448396062110056
2024-10-21,0.0026541773192273257
2024-10-22,0.006413932337075564
2024-10-23,-0.01630067278195746
2024-10-24,0.0018129772471234546
2024-10-25,0.007539457883673795
2024-10-28,0.0038792167008344916
2024-10-29,0.00966580735860887
2024-10-30,0.003721179606876053
2024-10-31,-0.03274014343803662
2024-11-01,0.011754052923928152
2024-11-04,-0.006985759123642883
2024-11-05,0.009002288821657354
2024-11-06,0.022170662205037665
2024-11-07,0.016747196986881766
2024-11-08,-0.00603096589674596
2024-11-11,-0.004686036621873859
2024-11-12,0.006068365091428331
2024-11-13,0.00418570156821883
2024-11-14,-0.0024209460819539443
2024-11-15,-0.02402413174762822
2024-11-18,0.006531163403367615
2024-11-19,0.007924070901942613
2024-11-20,-0.004674628443254342
2024-11-21,-0.01527896292275817
2024-11-22,-0.0004578564067511907
2024-11-25,0.012474494628673203
2024-11-26,0.016304193115511817
2024-11-27,-0.005299819131823045
2024-11-29,0.005185878791356377
2024-12-02,0.0126283141583293
2024-12-03,0.005746242246451474
2024-12-04,0.012450628863572441
2024-12-05,0.0030055323323266415
2024-12-06,0.00869491910174358
2024-12-09,0.005007350658323706
2024-12-10,0.00915186826664995
2024-12-11,0.017987814959343106
2024-12-12,-0.00338883712849332
2024-12-13,-0.004690710428740243
2024-12-16,0.0175767268326391
2024-12-17,0.0007898161389275508
2024-12-18,-0.034742860737341716
2024-12-19,0.004124276202466814
2024-12-20,0.010116152624568893
2024-12-23,0.004048862354690499
2024-12-24,0.011320834502010525
2024-12-26,-0.002170677469099176
2024-12-27,-0.014607511054905297
2024-12-30,-0.011603084095611933
